{
    "audio": {
        "master_volume": 0.49507811665534973,
        "music_volume": 0.3267187476158142,
        "sfx_volume": 0.47609373927116394
    },
    "fullscreen_enabled": false,
    "resolution": {
        "height": 720,
        "width": 1280
    }
}