{
    "audio": {
        "master_volume": 0.31122395396232605,
        "music_volume": 0.10000000149011612,
        "sfx_volume": 0.10000000149011612
    },
    "fullscreen_enabled": false,
    "resolution": {
        "height": 768,
        "width": 1360
    }
}